,hyperparams,MSE,MAE,RMSE,RMSE_Log
out_fold_0,"dict_items([('objective', 'reg:squarederror'), ('base_score', None), ('booster', None), ('callbacks', None), ('colsample_bylevel', None), ('colsample_bynode', None), ('colsample_bytree', 0.6), ('early_stopping_rounds', None), ('enable_categorical', False), ('eval_metric', None), ('gamma', 5.0), ('gpu_id', None), ('grow_policy', None), ('importance_type', None), ('interaction_constraints', None), ('learning_rate', 0.08312553451509877), ('max_bin', None), ('max_cat_to_onehot', None), ('max_delta_step', None), ('max_depth', 10), ('max_leaves', None), ('min_child_weight', 4), ('missing', nan), ('monotone_constraints', None), ('n_estimators', 427), ('n_jobs', None), ('num_parallel_tree', None), ('predictor', None), ('random_state', None), ('reg_alpha', 1.3748781373457997), ('reg_lambda', 2.2687669688772494), ('sampling_method', None), ('scale_pos_weight', None), ('subsample', 1.0), ('tree_method', None), ('validate_parameters', None), ('verbosity', None)])",489870.6913830315,343.3888028088738,699.9076306078049,
out_fold_1,"dict_items([('objective', 'reg:squarederror'), ('base_score', None), ('booster', None), ('callbacks', None), ('colsample_bylevel', None), ('colsample_bynode', None), ('colsample_bytree', 1.0), ('early_stopping_rounds', None), ('enable_categorical', False), ('eval_metric', None), ('gamma', 4.2), ('gpu_id', None), ('grow_policy', None), ('importance_type', None), ('interaction_constraints', None), ('learning_rate', 0.03257548936647078), ('max_bin', None), ('max_cat_to_onehot', None), ('max_delta_step', None), ('max_depth', 10), ('max_leaves', None), ('min_child_weight', 2), ('missing', nan), ('monotone_constraints', None), ('n_estimators', 227), ('n_jobs', None), ('num_parallel_tree', None), ('predictor', None), ('random_state', None), ('reg_alpha', 1.963139787146285), ('reg_lambda', 1.6573016737374064), ('sampling_method', None), ('scale_pos_weight', None), ('subsample', 0.6), ('tree_method', None), ('validate_parameters', None), ('verbosity', None)])",1703030.328621263,328.0863848293529,1305.0020416157452,
out_fold_2,"dict_items([('objective', 'reg:squarederror'), ('base_score', None), ('booster', None), ('callbacks', None), ('colsample_bylevel', None), ('colsample_bynode', None), ('colsample_bytree', 0.7), ('early_stopping_rounds', None), ('enable_categorical', False), ('eval_metric', None), ('gamma', 0.1), ('gpu_id', None), ('grow_policy', None), ('importance_type', None), ('interaction_constraints', None), ('learning_rate', 0.02953242317341356), ('max_bin', None), ('max_cat_to_onehot', None), ('max_delta_step', None), ('max_depth', 9), ('max_leaves', None), ('min_child_weight', 4), ('missing', nan), ('monotone_constraints', None), ('n_estimators', 328), ('n_jobs', None), ('num_parallel_tree', None), ('predictor', None), ('random_state', None), ('reg_alpha', 3.533965885171125), ('reg_lambda', 3.504702484120764), ('sampling_method', None), ('scale_pos_weight', None), ('subsample', 0.7), ('tree_method', None), ('validate_parameters', None), ('verbosity', None)])",1291879.6238216222,327.14018636591294,1136.608826211385,
out_fold_3,"dict_items([('objective', 'reg:squarederror'), ('base_score', None), ('booster', None), ('callbacks', None), ('colsample_bylevel', None), ('colsample_bynode', None), ('colsample_bytree', 1.0), ('early_stopping_rounds', None), ('enable_categorical', False), ('eval_metric', None), ('gamma', 3.8000000000000003), ('gpu_id', None), ('grow_policy', None), ('importance_type', None), ('interaction_constraints', None), ('learning_rate', 0.03244295524247695), ('max_bin', None), ('max_cat_to_onehot', None), ('max_delta_step', None), ('max_depth', 6), ('max_leaves', None), ('min_child_weight', 3), ('missing', nan), ('monotone_constraints', None), ('n_estimators', 161), ('n_jobs', None), ('num_parallel_tree', None), ('predictor', None), ('random_state', None), ('reg_alpha', 2.1183181085488787), ('reg_lambda', 1.2514931498028958), ('sampling_method', None), ('scale_pos_weight', None), ('subsample', 0.6), ('tree_method', None), ('validate_parameters', None), ('verbosity', None)])",380172.7058436876,320.3909172731287,616.5814673209758,
out_fold_4,"dict_items([('objective', 'reg:squarederror'), ('base_score', None), ('booster', None), ('callbacks', None), ('colsample_bylevel', None), ('colsample_bynode', None), ('colsample_bytree', 0.9), ('early_stopping_rounds', None), ('enable_categorical', False), ('eval_metric', None), ('gamma', 3.9000000000000004), ('gpu_id', None), ('grow_policy', None), ('importance_type', None), ('interaction_constraints', None), ('learning_rate', 0.038919808252480974), ('max_bin', None), ('max_cat_to_onehot', None), ('max_delta_step', None), ('max_depth', 10), ('max_leaves', None), ('min_child_weight', 2), ('missing', nan), ('monotone_constraints', None), ('n_estimators', 492), ('n_jobs', None), ('num_parallel_tree', None), ('predictor', None), ('random_state', None), ('reg_alpha', 4.397897376078274), ('reg_lambda', 1.214270780661176), ('sampling_method', None), ('scale_pos_weight', None), ('subsample', 0.5), ('tree_method', None), ('validate_parameters', None), ('verbosity', None)])",1044020.184701286,346.93595527200137,1021.7730592951089,
out_fold_5,"dict_items([('objective', 'reg:squarederror'), ('base_score', None), ('booster', None), ('callbacks', None), ('colsample_bylevel', None), ('colsample_bynode', None), ('colsample_bytree', 0.6), ('early_stopping_rounds', None), ('enable_categorical', False), ('eval_metric', None), ('gamma', 0.30000000000000004), ('gpu_id', None), ('grow_policy', None), ('importance_type', None), ('interaction_constraints', None), ('learning_rate', 0.07862885757793223), ('max_bin', None), ('max_cat_to_onehot', None), ('max_delta_step', None), ('max_depth', 3), ('max_leaves', None), ('min_child_weight', 5), ('missing', nan), ('monotone_constraints', None), ('n_estimators', 454), ('n_jobs', None), ('num_parallel_tree', None), ('predictor', None), ('random_state', None), ('reg_alpha', 4.490782462079682), ('reg_lambda', 1.0031296581918803), ('sampling_method', None), ('scale_pos_weight', None), ('subsample', 0.9), ('tree_method', None), ('validate_parameters', None), ('verbosity', None)])",941861.284734319,416.9635881395901,970.4953810989102,
out_fold_6,"dict_items([('objective', 'reg:squarederror'), ('base_score', None), ('booster', None), ('callbacks', None), ('colsample_bylevel', None), ('colsample_bynode', None), ('colsample_bytree', 0.9), ('early_stopping_rounds', None), ('enable_categorical', False), ('eval_metric', None), ('gamma', 4.6000000000000005), ('gpu_id', None), ('grow_policy', None), ('importance_type', None), ('interaction_constraints', None), ('learning_rate', 0.016946800540634743), ('max_bin', None), ('max_cat_to_onehot', None), ('max_delta_step', None), ('max_depth', 10), ('max_leaves', None), ('min_child_weight', 6), ('missing', nan), ('monotone_constraints', None), ('n_estimators', 427), ('n_jobs', None), ('num_parallel_tree', None), ('predictor', None), ('random_state', None), ('reg_alpha', 2.8596661254734883), ('reg_lambda', 2.3985532295275145), ('sampling_method', None), ('scale_pos_weight', None), ('subsample', 0.6), ('tree_method', None), ('validate_parameters', None), ('verbosity', None)])",1051895.5783543903,304.71652771444883,1025.6196070446344,
out_fold_7,"dict_items([('objective', 'reg:squarederror'), ('base_score', None), ('booster', None), ('callbacks', None), ('colsample_bylevel', None), ('colsample_bynode', None), ('colsample_bytree', 0.9), ('early_stopping_rounds', None), ('enable_categorical', False), ('eval_metric', None), ('gamma', 2.4000000000000004), ('gpu_id', None), ('grow_policy', None), ('importance_type', None), ('interaction_constraints', None), ('learning_rate', 0.02882921101494512), ('max_bin', None), ('max_cat_to_onehot', None), ('max_delta_step', None), ('max_depth', 9), ('max_leaves', None), ('min_child_weight', 2), ('missing', nan), ('monotone_constraints', None), ('n_estimators', 431), ('n_jobs', None), ('num_parallel_tree', None), ('predictor', None), ('random_state', None), ('reg_alpha', 4.599892342181632), ('reg_lambda', 3.7989225806608657), ('sampling_method', None), ('scale_pos_weight', None), ('subsample', 1.0), ('tree_method', None), ('validate_parameters', None), ('verbosity', None)])",1030751.7635756113,333.77718970354863,1015.2594562847526,
out_fold_8,"dict_items([('objective', 'reg:squarederror'), ('base_score', None), ('booster', None), ('callbacks', None), ('colsample_bylevel', None), ('colsample_bynode', None), ('colsample_bytree', 1.0), ('early_stopping_rounds', None), ('enable_categorical', False), ('eval_metric', None), ('gamma', 2.1), ('gpu_id', None), ('grow_policy', None), ('importance_type', None), ('interaction_constraints', None), ('learning_rate', 0.05248896841136925), ('max_bin', None), ('max_cat_to_onehot', None), ('max_delta_step', None), ('max_depth', 10), ('max_leaves', None), ('min_child_weight', 3), ('missing', nan), ('monotone_constraints', None), ('n_estimators', 250), ('n_jobs', None), ('num_parallel_tree', None), ('predictor', None), ('random_state', None), ('reg_alpha', 4.767862371457959), ('reg_lambda', 2.3420306048761756), ('sampling_method', None), ('scale_pos_weight', None), ('subsample', 0.8), ('tree_method', None), ('validate_parameters', None), ('verbosity', None)])",393632.09077381156,294.88676374098833,627.4010605456541,
out_fold_9,"dict_items([('objective', 'reg:squarederror'), ('base_score', None), ('booster', None), ('callbacks', None), ('colsample_bylevel', None), ('colsample_bynode', None), ('colsample_bytree', 0.9), ('early_stopping_rounds', None), ('enable_categorical', False), ('eval_metric', None), ('gamma', 3.0), ('gpu_id', None), ('grow_policy', None), ('importance_type', None), ('interaction_constraints', None), ('learning_rate', 0.06280491458518353), ('max_bin', None), ('max_cat_to_onehot', None), ('max_delta_step', None), ('max_depth', 4), ('max_leaves', None), ('min_child_weight', 6), ('missing', nan), ('monotone_constraints', None), ('n_estimators', 464), ('n_jobs', None), ('num_parallel_tree', None), ('predictor', None), ('random_state', None), ('reg_alpha', 3.2232539261900257), ('reg_lambda', 1.1234530731540033), ('sampling_method', None), ('scale_pos_weight', None), ('subsample', 0.9), ('tree_method', None), ('validate_parameters', None), ('verbosity', None)])",471430.10437773296,304.8181149810003,686.6076786475177,
