,metamodel,hyperparams,MSE,MAE,RMSE,RMSE_Log
out_fold_0,lgbr,"dict_items([('boosting_type', 'gbdt'), ('class_weight', None), ('colsample_bytree', 0.9), ('importance_type', 'split'), ('learning_rate', 0.007763491173873248), ('max_depth', 6), ('min_child_samples', 20), ('min_child_weight', 0.40728238253335775), ('min_split_gain', 8.227071099672962), ('n_estimators', 2531), ('n_jobs', -1), ('num_leaves', 15), ('objective', None), ('random_state', None), ('reg_alpha', 1.4417214647727812), ('reg_lambda', 2.249022546001169), ('silent', True), ('subsample', 0.6), ('subsample_for_bin', 200000), ('subsample_freq', 0), ('bagging_freq', 1), ('max_bin', 342), ('min_data_in_leaf', 1), ('feature_fraction_seed', 9), ('cat_smooth', 3.8285478153387844)])",723463.0449604195,347.64141304827035,850.5663083854307,0.060342086765064834
out_fold_1,xgbr,"dict_items([('objective', 'reg:squarederror'), ('base_score', 0.5), ('booster', 'gbtree'), ('callbacks', None), ('colsample_bylevel', 1), ('colsample_bynode', 1), ('colsample_bytree', 0.8), ('early_stopping_rounds', None), ('enable_categorical', False), ('eval_metric', None), ('gamma', 4.1000000000000005), ('gpu_id', -1), ('grow_policy', 'depthwise'), ('importance_type', None), ('interaction_constraints', ''), ('learning_rate', 0.04806687652537648), ('max_bin', 256), ('max_cat_to_onehot', 4), ('max_delta_step', 0), ('max_depth', 6), ('max_leaves', 0), ('min_child_weight', 1), ('missing', nan), ('monotone_constraints', '()'), ('n_estimators', 479), ('n_jobs', 0), ('num_parallel_tree', 1), ('predictor', 'auto'), ('random_state', 0), ('reg_alpha', 4.000506779265037), ('reg_lambda', 1.386135962925119), ('sampling_method', 'uniform'), ('scale_pos_weight', 1), ('subsample', 1.0), ('tree_method', 'exact'), ('validate_parameters', 1), ('verbosity', None)])",1502319.8979585012,343.3077816682703,1225.6915998563836,0.11468991748369822
out_fold_2,gbr,"dict_items([('alpha', 0.6706300685599823), ('ccp_alpha', 0.0), ('criterion', 'friedman_mse'), ('init', None), ('learning_rate', 0.043114260420320856), ('loss', 'squared_error'), ('max_depth', 16), ('max_features', None), ('max_leaf_nodes', 15), ('min_impurity_decrease', 1), ('min_samples_leaf', 2), ('min_samples_split', 9), ('min_weight_fraction_leaf', 0.0008171596542087218), ('n_estimators', 990), ('n_iter_no_change', None), ('random_state', None), ('subsample', 0.8000000000000003), ('tol', 0.0001), ('validation_fraction', 0.32117088960950557), ('verbose', 0), ('warm_start', False)])",887132.1342088403,333.262883991845,941.8769209450035,0.08286572197114722
out_fold_3,gbr,"dict_items([('alpha', 0.4419373568697751), ('ccp_alpha', 0.0), ('criterion', 'friedman_mse'), ('init', None), ('learning_rate', 0.023048984003228447), ('loss', 'squared_error'), ('max_depth', 5), ('max_features', None), ('max_leaf_nodes', 19), ('min_impurity_decrease', 7), ('min_samples_leaf', 7), ('min_samples_split', 20), ('min_weight_fraction_leaf', 0.0002264218171529192), ('n_estimators', 1292), ('n_iter_no_change', None), ('random_state', None), ('subsample', 0.5000000000000002), ('tol', 0.0001), ('validation_fraction', 0.37005717556358797), ('verbose', 0), ('warm_start', False)])",807594.6832355767,369.26019103684047,898.662719397871,0.08165135120459571
out_fold_4,gbr,"dict_items([('alpha', 0.2519489827659011), ('ccp_alpha', 0.0), ('criterion', 'friedman_mse'), ('init', None), ('learning_rate', 0.016429326930804754), ('loss', 'squared_error'), ('max_depth', 11), ('max_features', None), ('max_leaf_nodes', 6), ('min_impurity_decrease', 9), ('min_samples_leaf', 2), ('min_samples_split', 16), ('min_weight_fraction_leaf', 0.0001985936908434835), ('n_estimators', 1863), ('n_iter_no_change', None), ('random_state', None), ('subsample', 0.6000000000000003), ('tol', 0.0001), ('validation_fraction', 0.43230819708212587), ('verbose', 0), ('warm_start', False)])",686464.1435928735,344.9397380572025,828.5313172070646,0.08112544787943325
out_fold_5,xgbr,"dict_items([('objective', 'reg:squarederror'), ('base_score', 0.5), ('booster', 'gbtree'), ('callbacks', None), ('colsample_bylevel', 1), ('colsample_bynode', 1), ('colsample_bytree', 0.9), ('early_stopping_rounds', None), ('enable_categorical', False), ('eval_metric', None), ('gamma', 0.1), ('gpu_id', -1), ('grow_policy', 'depthwise'), ('importance_type', None), ('interaction_constraints', ''), ('learning_rate', 0.03776483924004646), ('max_bin', 256), ('max_cat_to_onehot', 4), ('max_delta_step', 0), ('max_depth', 6), ('max_leaves', 0), ('min_child_weight', 1), ('missing', nan), ('monotone_constraints', '()'), ('n_estimators', 419), ('n_jobs', 0), ('num_parallel_tree', 1), ('predictor', 'auto'), ('random_state', 0), ('reg_alpha', 3.1123135300934615), ('reg_lambda', 2.5418519552310967), ('sampling_method', 'uniform'), ('scale_pos_weight', 1), ('subsample', 0.6), ('tree_method', 'exact'), ('validate_parameters', 1), ('verbosity', None)])",1371988.7502648733,433.8444179086124,1171.3192349931223,0.09292322939140893
out_fold_6,lgbr,"dict_items([('boosting_type', 'gbdt'), ('class_weight', None), ('colsample_bytree', 0.8), ('importance_type', 'split'), ('learning_rate', 0.018291337073469926), ('max_depth', 7), ('min_child_samples', 20), ('min_child_weight', 0.45583035060114946), ('min_split_gain', 1.523230221883962), ('n_estimators', 874), ('n_jobs', -1), ('num_leaves', 194), ('objective', None), ('random_state', None), ('reg_alpha', 3.0193240484434005), ('reg_lambda', 2.1749410559479005), ('silent', True), ('subsample', 0.6), ('subsample_for_bin', 200000), ('subsample_freq', 0), ('bagging_freq', 7), ('max_bin', 318), ('min_data_in_leaf', 1), ('feature_fraction_seed', 6), ('cat_smooth', 3.179460669260961)])",1084250.136701858,335.80966205163946,1041.2733246856264,0.10352489244076088
out_fold_7,gbr,"dict_items([('alpha', 0.049460632819753825), ('ccp_alpha', 0.0), ('criterion', 'friedman_mse'), ('init', None), ('learning_rate', 0.07230454045986416), ('loss', 'squared_error'), ('max_depth', 7), ('max_features', None), ('max_leaf_nodes', 10), ('min_impurity_decrease', 4), ('min_samples_leaf', 3), ('min_samples_split', 10), ('min_weight_fraction_leaf', 0.0008526451796920468), ('n_estimators', 2276), ('n_iter_no_change', None), ('random_state', None), ('subsample', 0.6000000000000003), ('tol', 0.0001), ('validation_fraction', 0.998805843937189), ('verbose', 0), ('warm_start', False)])",1264743.2328008688,393.18945786646384,1124.6080351842008,0.06918104569488015
out_fold_8,xgbr,"dict_items([('objective', 'reg:squarederror'), ('base_score', 0.5), ('booster', 'gbtree'), ('callbacks', None), ('colsample_bylevel', 1), ('colsample_bynode', 1), ('colsample_bytree', 0.9), ('early_stopping_rounds', None), ('enable_categorical', False), ('eval_metric', None), ('gamma', 1.8), ('gpu_id', -1), ('grow_policy', 'depthwise'), ('importance_type', None), ('interaction_constraints', ''), ('learning_rate', 0.020539747216936563), ('max_bin', 256), ('max_cat_to_onehot', 4), ('max_delta_step', 0), ('max_depth', 9), ('max_leaves', 0), ('min_child_weight', 3), ('missing', nan), ('monotone_constraints', '()'), ('n_estimators', 359), ('n_jobs', 0), ('num_parallel_tree', 1), ('predictor', 'auto'), ('random_state', 0), ('reg_alpha', 4.195365009432906), ('reg_lambda', 1.2615505125507647), ('sampling_method', 'uniform'), ('scale_pos_weight', 1), ('subsample', 0.7), ('tree_method', 'exact'), ('validate_parameters', 1), ('verbosity', None)])",342625.9015208313,271.78090117959414,585.3425505811373,0.11057033115018908
out_fold_9,gbr,"dict_items([('alpha', 0.25647730847719724), ('ccp_alpha', 0.0), ('criterion', 'friedman_mse'), ('init', None), ('learning_rate', 0.036545808538548344), ('loss', 'squared_error'), ('max_depth', 13), ('max_features', None), ('max_leaf_nodes', 15), ('min_impurity_decrease', 6), ('min_samples_leaf', 5), ('min_samples_split', 17), ('min_weight_fraction_leaf', 0.0015297722648417572), ('n_estimators', 333), ('n_iter_no_change', None), ('random_state', None), ('subsample', 0.5000000000000002), ('tol', 0.0001), ('validation_fraction', 0.3112574433823902), ('verbose', 0), ('warm_start', False)])",1096171.4073593817,326.0263733944029,1046.9820472956458,0.10400659431757905
