,hyperparams,MSE,MAE,RMSE,RMSE_Log
out_fold_0,"dict_items([('boosting_type', 'gbdt'), ('class_weight', None), ('colsample_bytree', 1.0), ('importance_type', 'split'), ('learning_rate', 0.0185029326485523), ('max_depth', 5), ('min_child_samples', 20), ('min_child_weight', 0.5813665075769844), ('min_split_gain', 5.632877591629333), ('n_estimators', 2806), ('n_jobs', -1), ('num_leaves', 104), ('objective', None), ('random_state', None), ('reg_alpha', 3.0774823620615255), ('reg_lambda', 3.0733258312546012), ('silent', True), ('subsample', 0.8), ('subsample_for_bin', 200000), ('subsample_freq', 0), ('bagging_freq', 6), ('max_bin', 286), ('min_data_in_leaf', 1), ('feature_fraction_seed', 4), ('cat_smooth', 2.2976126292879724)])",445610.95274766866,318.11771152876133,667.540974583335,
out_fold_1,"dict_items([('boosting_type', 'gbdt'), ('class_weight', None), ('colsample_bytree', 0.9), ('importance_type', 'split'), ('learning_rate', 0.0063337011556947095), ('max_depth', -1), ('min_child_samples', 20), ('min_child_weight', 0.30850227671568187), ('min_split_gain', 0.48273762959883637), ('n_estimators', 2924), ('n_jobs', -1), ('num_leaves', 36), ('objective', None), ('random_state', None), ('reg_alpha', 3.372218577940049), ('reg_lambda', 3.9769278075696977), ('silent', True), ('subsample', 0.7000000000000001), ('subsample_for_bin', 200000), ('subsample_freq', 0), ('bagging_freq', 6), ('max_bin', 241), ('min_data_in_leaf', 3), ('feature_fraction_seed', 2), ('cat_smooth', 4.655946466652922)])",1917902.590043899,357.0704635517395,1384.8836016228581,
out_fold_2,"dict_items([('boosting_type', 'gbdt'), ('class_weight', None), ('colsample_bytree', 0.8), ('importance_type', 'split'), ('learning_rate', 0.0713721115565517), ('max_depth', 16), ('min_child_samples', 20), ('min_child_weight', 0.36540380423200314), ('min_split_gain', 2.6018807153548957), ('n_estimators', 933), ('n_jobs', -1), ('num_leaves', 46), ('objective', None), ('random_state', None), ('reg_alpha', 1.6983526567613088), ('reg_lambda', 2.436489218660294), ('silent', True), ('subsample', 0.6), ('subsample_for_bin', 200000), ('subsample_freq', 0), ('bagging_freq', 3), ('max_bin', 304), ('min_data_in_leaf', 5), ('feature_fraction_seed', 10), ('cat_smooth', 2.364117850950179)])",1275255.4163918253,344.5741902802809,1129.2720736792464,
out_fold_3,"dict_items([('boosting_type', 'gbdt'), ('class_weight', None), ('colsample_bytree', 0.9), ('importance_type', 'split'), ('learning_rate', 0.03254662524654452), ('max_depth', 10), ('min_child_samples', 20), ('min_child_weight', 0.5120523589255385), ('min_split_gain', 0.972010266084868), ('n_estimators', 2750), ('n_jobs', -1), ('num_leaves', 54), ('objective', None), ('random_state', None), ('reg_alpha', 3.491677981506236), ('reg_lambda', 1.3982968296188372), ('silent', True), ('subsample', 0.8), ('subsample_for_bin', 200000), ('subsample_freq', 0), ('bagging_freq', 2), ('max_bin', 372), ('min_data_in_leaf', 1), ('feature_fraction_seed', 10), ('cat_smooth', 2.4731737330726418)])",504908.19854071114,317.383312727016,710.5689259605371,
out_fold_4,"dict_items([('boosting_type', 'gbdt'), ('class_weight', None), ('colsample_bytree', 0.9), ('importance_type', 'split'), ('learning_rate', 0.0032412313808692274), ('max_depth', -1), ('min_child_samples', 20), ('min_child_weight', 0.14912918006896167), ('min_split_gain', 6.886376447362), ('n_estimators', 2526), ('n_jobs', -1), ('num_leaves', 38), ('objective', None), ('random_state', None), ('reg_alpha', 2.569302126867484), ('reg_lambda', 1.0455045620222616), ('silent', True), ('subsample', 0.8), ('subsample_for_bin', 200000), ('subsample_freq', 0), ('bagging_freq', 8), ('max_bin', 226), ('min_data_in_leaf', 1), ('feature_fraction_seed', 7), ('cat_smooth', 4.412111372595431)])",1186218.0664725243,358.92324329541924,1089.1363856159267,
out_fold_5,"dict_items([('boosting_type', 'gbdt'), ('class_weight', None), ('colsample_bytree', 0.7), ('importance_type', 'split'), ('learning_rate', 0.06167311826377567), ('max_depth', 5), ('min_child_samples', 20), ('min_child_weight', 0.3473076234516368), ('min_split_gain', 0.9107005838618488), ('n_estimators', 2464), ('n_jobs', -1), ('num_leaves', 221), ('objective', None), ('random_state', None), ('reg_alpha', 1.5427634889616588), ('reg_lambda', 3.1742530109935676), ('silent', True), ('subsample', 0.9), ('subsample_for_bin', 200000), ('subsample_freq', 0), ('bagging_freq', 2), ('max_bin', 319), ('min_data_in_leaf', 5), ('feature_fraction_seed', 5), ('cat_smooth', 3.9539597557172876)])",659610.0449633416,340.49277095994074,812.163804268167,
out_fold_6,"dict_items([('boosting_type', 'gbdt'), ('class_weight', None), ('colsample_bytree', 0.9), ('importance_type', 'split'), ('learning_rate', 0.01982254900261366), ('max_depth', 16), ('min_child_samples', 20), ('min_child_weight', 0.54921118954175), ('min_split_gain', 6.631455008539701), ('n_estimators', 2475), ('n_jobs', -1), ('num_leaves', 205), ('objective', None), ('random_state', None), ('reg_alpha', 4.310083187159447), ('reg_lambda', 2.8396237217108027), ('silent', True), ('subsample', 0.8), ('subsample_for_bin', 200000), ('subsample_freq', 0), ('bagging_freq', 7), ('max_bin', 389), ('min_data_in_leaf', 6), ('feature_fraction_seed', 1), ('cat_smooth', 4.889786601781972)])",568150.495296802,298.9724477968031,753.7575839066576,
out_fold_7,"dict_items([('boosting_type', 'gbdt'), ('class_weight', None), ('colsample_bytree', 0.8), ('importance_type', 'split'), ('learning_rate', 0.01868961909576869), ('max_depth', 15), ('min_child_samples', 20), ('min_child_weight', 0.22765263586110268), ('min_split_gain', 6.020863450431811), ('n_estimators', 2644), ('n_jobs', -1), ('num_leaves', 191), ('objective', None), ('random_state', None), ('reg_alpha', 3.023399941874069), ('reg_lambda', 2.500588396366585), ('silent', True), ('subsample', 0.8), ('subsample_for_bin', 200000), ('subsample_freq', 0), ('bagging_freq', 4), ('max_bin', 400), ('min_data_in_leaf', 1), ('feature_fraction_seed', 10), ('cat_smooth', 0.8476509945596632)])",948210.3864326891,331.9036348621064,973.7609493262138,
out_fold_8,"dict_items([('boosting_type', 'gbdt'), ('class_weight', None), ('colsample_bytree', 0.9), ('importance_type', 'split'), ('learning_rate', 0.05668767582132778), ('max_depth', 19), ('min_child_samples', 20), ('min_child_weight', 0.09198305785191799), ('min_split_gain', 6.340545360423359), ('n_estimators', 1636), ('n_jobs', -1), ('num_leaves', 20), ('objective', None), ('random_state', None), ('reg_alpha', 4.431813413728003), ('reg_lambda', 4.614553969436431), ('silent', True), ('subsample', 1.0), ('subsample_for_bin', 200000), ('subsample_freq', 0), ('bagging_freq', 1), ('max_bin', 281), ('min_data_in_leaf', 5), ('feature_fraction_seed', 10), ('cat_smooth', 3.609745502505161)])",573418.6380910208,325.150120774249,757.2441073333094,
out_fold_9,"dict_items([('boosting_type', 'gbdt'), ('class_weight', None), ('colsample_bytree', 0.7), ('importance_type', 'split'), ('learning_rate', 0.004537820152509628), ('max_depth', 12), ('min_child_samples', 20), ('min_child_weight', 0.5884542567231819), ('min_split_gain', 6.793867981117063), ('n_estimators', 2833), ('n_jobs', -1), ('num_leaves', 92), ('objective', None), ('random_state', None), ('reg_alpha', 3.356427710038437), ('reg_lambda', 4.9911787940495085), ('silent', True), ('subsample', 0.7000000000000001), ('subsample_for_bin', 200000), ('subsample_freq', 0), ('bagging_freq', 8), ('max_bin', 363), ('min_data_in_leaf', 10), ('feature_fraction_seed', 10), ('cat_smooth', 1.7341705608583837)])",343381.55476759834,267.17352660602137,585.9876745867598,
