{
	"AC 220V 전원 인가": {
		"usl": 0.0,
		"lsl": 0.0
	},
	"AC 220V 전원 검사": {
		"usl": 230.0,
		"lsl": 210.0
	},
	"DC12V 전원 검사": {
		"usl": 12.36,
		"lsl": 11.64
	},
	"DC 5V 전원 검사": {
		"usl": 5.15,
		"lsl": 4.85
	},
	"TEST 시작": {
		"usl": 1.0,
		"lsl": 1.0
	},
	"COM0 MODE TTL": {
		"usl": 1.0,
		"lsl": 1.0
	},
	"H/W MODEL": {
		"usl": 16.0,
		"lsl": 16.0
	},
	"F/W VERSION": {
		"usl": 0.46,
		"lsl": 0.46
	},
	"UNIT TYPE": {
		"usl": 1.0,
		"lsl": 1.0
	},
	"EEPROM CHECK": {
		"usl": 1.0,
		"lsl": 1.0
	},
	"COM0 TEST": {
		"usl": 1.0,
		"lsl": 1.0
	},
	"COM1 TEST": {
		"usl": 1.0,
		"lsl": 1.0
	},
	"SENSOR0 (TRA)": {
		"usl": 3.3,
		"lsl": 2.8
	},
	"SENSOR1 (TDF)": {
		"usl": 3.5,
		"lsl": 3.1
	},
	"RELAY0 COMP ON": {
		"usl": 1.0,
		"lsl": 1.0
	},
	"RELAY0 COMP OFF": {
		"usl": 0.0,
		"lsl": 0.0
	},
	"RELAY2 DEF ON": {
		"usl": 1.0,
		"lsl": 1.0
	},
	"RELAY2 DEF OFF": {
		"usl": 0.0,
		"lsl": 0.0
	},
	"RELAY3 FAN ON": {
		"usl": 1.0,
		"lsl": 1.0
	},
	"RELAY3 FAN OFF": {
		"usl": 0.0,
		"lsl": 0.0
	},
	"DISP MOSI HIGH": {
		"usl": 5.15,
		"lsl": 4.85
	},
	"DISP MOSI LOW": {
		"usl": 0.15,
		"lsl": 0.0
	},
	"DISP MISO HIGH": {
		"usl": 5.15,
		"lsl": 4.85
	},
	"DISP MISO LOW": {
		"usl": 0.15,
		"lsl": 0.0
	},
	"DISP CLK HIGH": {
		"usl": 5.15,
		"lsl": 4.85
	},
	"DISP CLK LOW": {
		"usl": 0.15,
		"lsl": 0.0
	},
	"DISP STB HIGH": {
		"usl": 5.15,
		"lsl": 4.85
	},
	"DISP STB LOW": {
		"usl": 0.15,
		"lsl": 0.0
	},
	"COM0 TXEN HIGH": {
		"usl": 5.15,
		"lsl": 4.85
	}
}