{
	"AC 220V 전원 인가": {
		"ucl": 0.0,
		"lcl": 0.0
	},
	"AC 220V 전원 검사": {
		"ucl": 230.0,
		"lcl": 230.0
	},
	"DC12V 전원 검사": {
		"ucl": 12.36,
		"lcl": 12.36
	},
	"DC 5V 전원 검사": {
		"ucl": 5.15,
		"lcl": 5.15
	},
	"TEST 시작": {
		"ucl": 1.0,
		"lcl": 1.0
	},
	"COM0 MODE TTL": {
		"ucl": 1.0,
		"lcl": 1.0
	},
	"H/W MODEL": {
		"ucl": 16.0,
		"lcl": 16.0
	},
	"F/W VERSION": {
		"ucl": 0.46,
		"lcl": 0.46
	},
	"UNIT TYPE": {
		"ucl": 1.0,
		"lcl": 1.0
	},
	"EEPROM CHECK": {
		"ucl": 1.0,
		"lcl": 1.0
	},
	"COM0 TEST": {
		"ucl": 1.0,
		"lcl": 1.0
	},
	"COM1 TEST": {
		"ucl": 1.0,
		"lcl": 1.0
	},
	"SENSOR0 (TRA)": {
		"ucl": 3.3,
		"lcl": 3.3
	},
	"SENSOR1 (TDF)": {
		"ucl": 3.5,
		"lcl": 3.5
	},
	"RELAY0 COMP ON": {
		"ucl": 1.0,
		"lcl": 1.0
	},
	"RELAY0 COMP OFF": {
		"ucl": 0.0,
		"lcl": 0.0
	},
	"RELAY2 DEF ON": {
		"ucl": 1.0,
		"lcl": 1.0
	},
	"RELAY2 DEF OFF": {
		"ucl": 0.0,
		"lcl": 0.0
	},
	"RELAY3 FAN ON": {
		"ucl": 1.0,
		"lcl": 1.0
	},
	"RELAY3 FAN OFF": {
		"ucl": 0.0,
		"lcl": 0.0
	},
	"DISP MOSI HIGH": {
		"ucl": 5.15,
		"lcl": 5.15
	},
	"DISP MOSI LOW": {
		"ucl": 0.15,
		"lcl": 0.15
	},
	"DISP MISO HIGH": {
		"ucl": 5.15,
		"lcl": 5.15
	},
	"DISP MISO LOW": {
		"ucl": 0.15,
		"lcl": 0.15
	},
	"DISP CLK HIGH": {
		"ucl": 5.15,
		"lcl": 5.15
	},
	"DISP CLK LOW": {
		"ucl": 0.15,
		"lcl": 0.15
	},
	"DISP STB HIGH": {
		"ucl": 5.15,
		"lcl": 5.15
	},
	"DISP STB LOW": {
		"ucl": 0.15,
		"lcl": 0.15
	},
	"COM0 TXEN HIGH": {
		"ucl": 5.15,
		"lcl": 5.15
	}
}